Id,Component,Map
AFADJLMS,dsp,dsp
AFAP,dsp,dsp
AFAPRU,dsp,dsp
AFBAP,dsp,dsp
AFBLMS,dsp,dsp
AFBLMSFFT,dsp,dsp
AFDLMS,dsp,dsp
AFFDAF,dsp,dsp
AFFILTXLMS,dsp,dsp
AFFTF,dsp,dsp
AFGAL,dsp,dsp
AFHRLS,dsp,dsp
AFHSWRLS,dsp,dsp
AFLMS,dsp,dsp
AFLSL,dsp,dsp
AFNLMS,dsp,dsp
AFPBFDAF,dsp,dsp
AFPBUFDAF,dsp,dsp
AFQRDLSL,dsp,dsp
AFQRDRLS,dsp,dsp
AFRLS,dsp,dsp
AFSD,dsp,dsp
AFSE,dsp,dsp
AFSS,dsp,dsp
AFSWFTF,dsp,dsp
AFSWRLS,dsp,dsp
AFTDAFDCT,dsp,dsp
AFTFAFDFT,dsp,dsp
AFUFDAF,dsp,dsp
BADCH,matlab,helptargets
BADFP,matlab,helptargets
BADNE,matlab,helptargets
BADNOT,matlab,helptargets
BADNOTLHS,matlab,helptargets
BADOT,matlab,helptargets
BDFIL,matlab,helptargets
BETALIK1,stats,stats
BUFSIZE,matlab,helptargets
CAPABLE,stats,stats
CLASSREGTREE,stats,stats
CMCPMCPS,comm,comm
CMELGTS,comm,comm
CMGTS,comm,comm
CMMMTS,comm,comm
CMPSKCPS,comm,comm
COEFF,dsp,dsp
COMMSCOPEED,comm,comm
COMMSCOPESP,comm,comm
CRNR,images,images
CRNRM,images,images
DACPR,comm,comm
DAFINF,matlab,helptargets
DAPPLUT,images,images
DAVIINF,matlab,helptargets
DBCHDEC,comm,comm
DBHENC,comm,comm
DBHMNWN,signal,signal
DBHRRS,signal,signal
DBITMAX,matlab,helptargets
DBLKMN,signal,signal
DBLKPRC,images,images
DBURG,signal,signal
DCHBWN,signal,signal
DCOV,signal,signal
DCPTF,images,images
DCSHELP,matlab,helptargets
DDBLQD,matlab,helptargets
DDBMEX,matlab,helptargets
DDELTRI,matlab,helptargets
DDEMOD,comm,comm
DDTRD,matlab,helptargets
DEEPC,matlab,helptargets
DEEPN,matlab,helptargets
DEEPS,matlab,helptargets
DEMLC,signal,signal
DEMLMEX,signal,signal
DEPBART,signal,signal
DEPLETT,signal,signal
DEPNOE,fixedpoint,fixedpoint
DEVCTR,signal,signal
DEVM,comm,comm
DEXIFRD,matlab,helptargets
DFCNCHK,matlab,helptargets
DFEATUREPARAM,matlab,helptargets
DFIGFLAG,matlab,helptargets
DFIRGAUSS,signal,signal
DFIRRCOS,signal,signal
DFLIPDIM,matlab,helptargets
DFLTTPWN,signal,signal
DFTSMTX,finance,finance
DGAUSSFIR,signal,signal
DGETST,matlab,helptargets
DGRAPHICSVER,matlab,helptargets
DGSWIN,signal,signal
DGTORD,matlab,helptargets
DHANN,signal,signal
DHMMNG,signal,signal
DILEVAL,matlab,helptargets
DIMTRNS,images,images
DINLN,matlab,helptargets
DISEQN,matlab,helptargets
DISGVER,matlab,helptargets
DISPLAYPROG,matlab,helptargets
DISSTR,matlab,helptargets
DKSER,signal,signal
DLDPCDEC,comm,comm
DLDPCENC,comm,comm
DMCHN,comm,comm
DMCOV,signal,signal
DMENUL,matlab,helptargets
DMER,comm,comm
DMOD,comm,comm
DMSSPEC,signal,signal
DMTM,signal,signal
DMUSIC,signal,signal
DNDLA,matlab,helptargets
DNLWN,signal,signal
DNOANI,matlab,helptargets
DOUQT,matlab,helptargets
DPGUPDLG,matlab,helptargets
DPNWN,signal,signal
DPOOL,distcomp,distcomp
DPOPUP,matlab,helptargets
DPPSD,signal,signal
DPRDGRM,signal,signal
DPSD,signal,signal
DPSPEC,signal,signal
DQUAD,matlab,helptargets
DQUADL,matlab,helptargets
DQUADV,matlab,helptargets
DRCOSFIR,comm,comm
DRCOSFLT,comm,comm
DRCOSIIR,comm,comm
DRCOSINE,comm,comm
DRCTWN,signal,signal
DRNDINT,comm,comm
DRSDEC,comm,comm
DRSENC,comm,comm
DSPDF,dsp,dsp
DSPFDF,dsp,dsp
DSPIDF,dsp,dsp
DSTRMT,matlab,helptargets
DSTRRD,matlab,helptargets
DSTRVCT,matlab,helptargets
DSTSTR,matlab,helptargets
DTKYWN,signal,signal
DTRIINT,matlab,helptargets
DTRIQD,matlab,helptargets
DTRIREP,matlab,helptargets
DTRNG,signal,signal
DTXTRD,matlab,helptargets
DTYLRWN,signal,signal
DUIGET,matlab,helptargets
DWELCH,signal,signal
DWVFINF,matlab,helptargets
DWVRD,matlab,helptargets
DWVWR,matlab,helptargets
DYULEAR,signal,signal
ENDCT,matlab,helptargets
ENDPAR,matlab,helptargets
EOFER,matlab,helptargets
EOFMI,matlab,helptargets
EOLPAR,matlab,helptargets
EVLC,matlab,helptargets
EWMAPLOT,stats,stats
EYESCOPE,comm,comm
EZCNTRF,matlab,helptargets
EZCONTR,matlab,helptargets
EZGRPH3,matlab,helptargets
EZMESH,matlab,helptargets
EZMSHC,matlab,helptargets
EZPLT,matlab,helptargets
EZPLT3,matlab,helptargets
EZSRFC,matlab,helptargets
EZSURF,matlab,helptargets
FAFD,dsp,dsp
FALFD,dsp,dsp
FBUILDER,matlab,helptargets
FCONF,matlab,helptargets
FCONV,matlab,helptargets
FDATOOL,signal,signal
FEGLO,matlab,helptargets
FINS,matlab,helptargets
FISST,matlab,helptargets
FITNAIVEBAYES,stats,stats
FNEST,matlab,helptargets
FNSWA,matlab,helptargets
FROPT,matlab,helptargets
FROPTX,matlab,helptargets
FSTR,matlab,helptargets
GDEMOD,comm,comm
GETERR,matlab,helptargets
GMOD,comm,comm
H5PGET,matlab,helptargets
H5PSET,matlab,helptargets
HDFGD,matlab,helptargets
HDFI,matlab,helptargets
HDFR,matlab,helptargets
HDFSD,matlab,helptargets
HDFSW,matlab,helptargets
HDFW,matlab,helptargets
HESS,optim,helptargets
HGSTGT,matlab,helptargets
HOUGH,images,images
IDISVAR,matlab,helptargets
IM2BW,images,images
IMGDT,nnet,nnet
IMPORTDYN,matlab,helptargets
INBLK,matlab,helptargets
INDWT,wavelet,wavelet
INDWT2,wavelet,wavelet
INTRPP,matlab,helptargets
ISDIR,matlab,helptargets
ISGLOB,matlab,helptargets
LEGACYMD,comm,comm
LEGACYTR,comm,comm
LEGINTPAR,matlab,helptargets
LERR,matlab,helptargets
LHROW,matlab,helptargets
LINPROG,optim,helptargets
LSQLIN,matlab,helptargets
MATCH2,matlab,helptargets
MATCH3,matlab,helptargets
MATPOOL,distcomp,distcomp
MBIG,matlab,helptargets
MCASCADE,dsp,dsp
MCDECIM,dsp,dsp
MCINTERP,dsp,dsp
MCPLD,matlab,helptargets
MDEEP,matlab,helptargets
MDEMOD,comm,comm
MDFLT1,signal,signal
MDOTM,matlab,helptargets
MFARROW,dsp,dsp
MFDECIM,dsp,dsp
MFFDCM,dsp,dsp
MFFINTRP,dsp,dsp
MFFTFINTERP,dsp,dsp
MFINTERP,dsp,dsp
MFSRC,dsp,dsp
MFTDECIM,dsp,dsp
MHINTERP,dsp,dsp
MIDECIM,dsp,dsp
MIINTERP,dsp,dsp
MIWDFDECIM,dsp,dsp
MIWDFINTERP,dsp,dsp
MLINTERP,dsp,dsp
MMOD,comm,comm
MOVIE2,matlab,helptargets
MSYSTEM,matlab,helptargets
MTFA1,images,images
MTFA2,images,images
MTFB,images,images
MTFP1,images,images
MTFP2,images,images
MTHDPOOL,distcomp,distcomp
MXASET,matlab,helptargets
NCHKI,matlab,helptargets
NCHKM,matlab,helptargets
NCHKN,matlab,helptargets
NCHKNO,matlab,helptargets
NCHKO,matlab,helptargets
NDWT,wavelet,wavelet
NDWT2,wavelet,wavelet
NOCLS,matlab,helptargets
NOFIL,matlab,helptargets
NOLHS,matlab,helptargets
NOPAR,matlab,helptargets
NOSPC,matlab,helptargets
NOV6,matlab,helptargets
NSTIMP,matlab,helptargets
NVREPL,signal,signal
OBJMPOOL,distcomp,distcomp
ODEMOD,comm,comm
OMOD,comm,comm
OQPDEM,comm,comm
OQPMOD,comm,comm
PADEMOD,comm,comm
PAMOD,comm,comm
PMTMCONF,signal,signal
PRINCOMP,stats,stats
PROBDIST,stats,stats
PROBDISTKERNEL,stats,stats
PROBDISTPARAMETRIC,stats,stats
PROBDISTUNIVKERNEL,stats,stats
PROBDISTUNIVPARAM,stats,stats
PSDEMOD,comm,comm
PSMOD,comm,comm
QAMDEP,comm,comm
QDEMOD,comm,comm
QMOD,comm,comm
QUADPROG,optim,helptargets
QUIT,matlab,helptargets
RAND,matlab,helptargets
RDERR,matlab,helptargets
RDTODG,matlab,helptargets
READSZ,matlab,helptargets
REDEF,matlab,helptargets
RESWD,matlab,helptargets
ROIFILL,images,images
ROWLN,matlab,helptargets
SBTMP,matlab,helptargets
SCHART,stats,stats
SEPEXR,matlab,helptargets
SETERR,matlab,helptargets
SLLERR,simulink,simulink
SLLWARN,simulink,simulink
SLRTBNCH,xpc,xpc
SMPLMODE,dsp,dsp
STRCL1,matlab,helptargets
STRCLFH,matlab,helptargets
STRCLQT,matlab,helptargets
STREMP,matlab,helptargets
STRIFCND,matlab,helptargets
STRIN,matlab,helptargets
STRQUOT,matlab,helptargets
SUBIMGNR,images,images
SVMCLASSIFY,stats,stats
SVMSMOSET,bioinfo,bioinfo
SVMTRAIN,stats,stats
SYNER,matlab,helptargets
TMMSG,matlab,helptargets
TREEDISP,stats,stats
TREEFIT,stats,stats
TREEPRUNE,stats,stats
TREETEST,stats,stats
TREEVAL,stats,stats
TWOCM,matlab,helptargets
UNSET,matlab,helptargets
URLRD,matlab,helptargets
URLWR,matlab,helptargets
V6ON,matlab,helptargets
VIDREAD,matlab,helptargets
VTPOD,matlab,helptargets
WAVMENU,wavelet,wavelet
WEIBCDF,stats,stats
WEIBFIT,stats,stats
WEIBINV,stats,stats
WEIBLIKE,stats,stats
WEIBPDF,stats,stats
WEIBPLOT,stats,stats
WEIBRND,stats,stats
WEIBSTAT,stats,stats
WINTOOL,signal,signal
WLGC,wlan,wlan
XBARPLOT,stats,stats
